{
  "meta": {
    "run_uuid": "5c61ab52-8eea-4fee-97a4-5c64ee5344af",
    "created_utc": "2026-07-23T11:10:48+00:00",
    "dataset": "swe-chat:64",
    "strategies": [
      "headroom",
      "condense-sync"
    ],
    "models": [
      "claude-opus-4-8"
    ],
    "edges": [
      16000,
      32000,
      100000,
      200000,
      400000,
      800000
    ],
    "encoding": "o200k_base",
    "count_mode": "local",
    "max_tokens": 1,
    "session_limit": null,
    "point_limit": null,
    "longest": null
  },
  "models": {
    "claude-opus-4-8": {
      "headroom": [
        {
          "label": "0-16k",
          "n": 1018,
          "avg_chain_tokens": 7533.216110019646,
          "tokens_saved_prompt": 205649,
          "tokens_saved_total": 205649,
          "cache_read_tokens_saved": 96319,
          "cache_write_tokens_saved": 109330,
          "pct_tokens_saved_prompt": 2.6816271720764124,
          "pct_tokens_saved_total": 2.641007566301941,
          "pct_cache_read_tokens_saved": 1.4129646130252866,
          "pct_cache_write_tokens_saved": 12.831978892316071,
          "base_price_usd": 11.682200999999987,
          "post_price_usd": 10.950729000000017,
          "cost_saved_usd": 0.7314719999999699,
          "pct_cost_saved_total": 6.261422826057955,
          "pct_cost_saved_cache_read": 1.412964613025303,
          "pct_cost_saved_cache_write": 12.831978892316318,
          "pct_cost_saved_input": 0.0
        },
        {
          "label": "16k-32k",
          "n": 1319,
          "avg_chain_tokens": 23739.827899924185,
          "tokens_saved_prompt": 1786360,
          "tokens_saved_total": 1786360,
          "cache_read_tokens_saved": 1734287,
          "cache_write_tokens_saved": 52073,
          "pct_tokens_saved_prompt": 5.704881445891529,
          "pct_tokens_saved_total": 5.6671696720194875,
          "pct_cache_read_tokens_saved": 5.7102224283796,
          "pct_cache_write_tokens_saved": 5.532535640141349,
          "base_price_usd": 26.277621999999962,
          "post_price_usd": 25.08502224999994,
          "cost_saved_usd": 1.1925997500000207,
          "pct_cost_saved_total": 4.538461471133204,
          "pct_cost_saved_cache_read": 5.7102224283794305,
          "pct_cost_saved_cache_write": 5.532535640141343,
          "pct_cost_saved_input": 0.0
        },
        {
          "label": "32k-100k",
          "n": 3803,
          "avg_chain_tokens": 60397.22482250854,
          "tokens_saved_prompt": 3872823,
          "tokens_saved_total": 3872823,
          "cache_read_tokens_saved": 3964517,
          "cache_write_tokens_saved": -91694,
          "pct_tokens_saved_prompt": 1.6861039260606199,
          "pct_tokens_saved_total": 1.6814855602243046,
          "pct_cache_read_tokens_saved": 1.7459941584909944,
          "pct_cache_write_tokens_saved": -3.4903696417702395,
          "base_price_usd": 145.72260075,
          "post_price_usd": 144.3134297500003,
          "cost_saved_usd": 1.4091709999997022,
          "pct_cost_saved_total": 0.9670229550852305,
          "pct_cost_saved_cache_read": 1.7459941584910426,
          "pct_cost_saved_cache_write": -3.4903696417701053,
          "pct_cost_saved_input": 0.0
        },
        {
          "label": "100k-200k",
          "n": 2845,
          "avg_chain_tokens": 143746.06080843584,
          "tokens_saved_prompt": -6788849,
          "tokens_saved_total": -6788849,
          "cache_read_tokens_saved": -6771242,
          "cache_write_tokens_saved": -17607,
          "pct_tokens_saved_prompt": -1.6600376044414957,
          "pct_tokens_saved_total": -1.6585575875912624,
          "pct_cache_read_tokens_saved": -1.6646993996038943,
          "pct_cache_write_tokens_saved": -0.7992624288099447,
          "base_price_usd": 226.26883100000012,
          "post_price_usd": 229.7644957499996,
          "cost_saved_usd": -3.4956647499994915,
          "pct_cost_saved_total": -1.5449166085095873,
          "pct_cost_saved_cache_read": -1.6646993996039303,
          "pct_cost_saved_cache_write": -0.7992624288100284,
          "pct_cost_saved_input": 0.0
        },
        {
          "label": "200k-400k",
          "n": 2105,
          "avg_chain_tokens": 267674.32636579574,
          "tokens_saved_prompt": -23694997,
          "tokens_saved_total": -23694997,
          "cache_read_tokens_saved": -23628865,
          "cache_write_tokens_saved": -66132,
          "pct_tokens_saved_prompt": -4.205308291669081,
          "pct_tokens_saved_total": -4.203157063600134,
          "pct_cache_read_tokens_saved": -4.205248748149168,
          "pct_cache_write_tokens_saved": -4.226691584197649,
          "base_price_usd": 297.9334144999997,
          "post_price_usd": 310.16117199999974,
          "cost_saved_usd": -12.227757500000052,
          "pct_cost_saved_total": -4.104191374613358,
          "pct_cost_saved_cache_read": -4.205248748149172,
          "pct_cost_saved_cache_write": -4.226691584197728,
          "pct_cost_saved_input": 0.0
        },
        {
          "label": "400k-800k",
          "n": 622,
          "avg_chain_tokens": 471028.13183279743,
          "tokens_saved_prompt": -9634990,
          "tokens_saved_total": -9634990,
          "cache_read_tokens_saved": -9665379,
          "cache_write_tokens_saved": 30389,
          "pct_tokens_saved_prompt": -3.2886226052582015,
          "pct_tokens_saved_total": -3.2871104622932474,
          "pct_cache_read_tokens_saved": -3.305929206868188,
          "pct_cache_write_tokens_saved": 4.945112167752056,
          "base_price_usd": 153.3926985,
          "post_price_usd": 158.03545674999998,
          "cost_saved_usd": -4.642758249999986,
          "pct_cost_saved_total": -3.02671398013119,
          "pct_cost_saved_cache_read": -3.305929206868235,
          "pct_cost_saved_cache_write": 4.945112167751891,
          "pct_cost_saved_input": 0.0
        },
        {
          "label": "ALL",
          "n": 11712,
          "avg_chain_tokens": 130982.22259221312,
          "tokens_saved_prompt": -34254004,
          "tokens_saved_total": -34254004,
          "cache_read_tokens_saved": -34270363,
          "cache_write_tokens_saved": 16359,
          "pct_tokens_saved_prompt": -2.232893064875162,
          "pct_tokens_saved_total": -2.230355624719448,
          "pct_cache_read_tokens_saved": -2.246851714828106,
          "pct_cache_write_tokens_saved": 0.18584824517744877,
          "base_price_usd": 861.2773677500023,
          "post_price_usd": 878.3103055000009,
          "cost_saved_usd": -17.03293774999861,
          "pct_cost_saved_total": -1.9776367506898958,
          "pct_cost_saved_cache_read": -2.246851714828432,
          "pct_cost_saved_cache_write": 0.18584824517731996,
          "pct_cost_saved_input": 0.0
        }
      ],
      "condense-sync": [
        {
          "label": "0-16k",
          "n": 1018,
          "avg_chain_tokens": 7533.216110019646,
          "tokens_saved_prompt": 2449309,
          "tokens_saved_total": 2449309,
          "cache_read_tokens_saved": 2475727,
          "cache_write_tokens_saved": -26418,
          "pct_tokens_saved_prompt": 31.938563120712015,
          "pct_tokens_saved_total": 31.454777806901276,
          "pct_cache_read_tokens_saved": 36.31801246390903,
          "pct_cache_write_tokens_saved": -3.100660554076703,
          "base_price_usd": 11.682200999999987,
          "post_price_usd": 10.60945000000001,
          "cost_saved_usd": 1.0727509999999771,
          "pct_cost_saved_total": 9.182781566589878,
          "pct_cost_saved_cache_read": 36.31801246390904,
          "pct_cost_saved_cache_write": -3.1006605540766206,
          "pct_cost_saved_input": 0.0
        },
        {
          "label": "16k-32k",
          "n": 1319,
          "avg_chain_tokens": 23739.827899924185,
          "tokens_saved_prompt": 19527450,
          "tokens_saved_total": 19527450,
          "cache_read_tokens_saved": 19661553,
          "cache_write_tokens_saved": -134103,