{
  "meta": {
    "run_uuid": "cba32b86-99ba-4ed7-bf7c-e385edf2ec99",
    "created_utc": "2026-07-02T14:43:07+00:00",
    "dataset": "swe-chat:32",
    "strategies": [
      "condense-async"
    ],
    "models": [
      "claude-haiku-4-5"
    ],
    "edges": [
      16000,
      32000,
      100000,
      200000,
      400000
    ],
    "encoding": "o200k_base",
    "count_mode": "local",
    "max_tokens": 1,
    "session_limit": null,
    "point_limit": null,
    "longest": null,
    "token_limit": null,
    "cloned_from": "b1877e6e-a6fb-4a4b-9498-cca3b56adc8e"
  },
  "models": {
    "claude-haiku-4-5": {
      "condense-async": [
        {
          "label": "0-16k",
          "n": 81,
          "avg_chain_tokens": 7057.259259259259,
          "tokens_saved_prompt": 194622,
          "tokens_saved_total": 194622,
          "cache_read_tokens_saved": 318386,
          "cache_write_tokens_saved": -7533,
          "pct_tokens_saved_prompt": 34.04637200466029,
          "pct_tokens_saved_total": 33.764625057251116,
          "pct_cache_read_tokens_saved": 63.30018410347967,
          "pct_cache_write_tokens_saved": -10.971453539178562,
          "base_price_usd": 0.15997279999999997,
          "post_price_usd": 0.25378145,
          "cost_saved_usd": -0.09380865000000005,
          "pct_cost_saved_total": -58.64037511376939,
          "pct_cost_saved_cache_read": 63.300184103479666,
          "pct_cost_saved_cache_write": -10.971453539178562,
          "pct_cost_saved_input": 0.0
        },
        {
          "label": "16k-32k",
          "n": 102,
          "avg_chain_tokens": 24032.441176470587,
          "tokens_saved_prompt": 1136680,
          "tokens_saved_total": 1136680,
          "cache_read_tokens_saved": 1183686,
          "cache_write_tokens_saved": -39214,
          "pct_tokens_saved_prompt": 46.37032703751343,
          "pct_tokens_saved_total": 46.04627799202774,
          "pct_cache_read_tokens_saved": 50.61695082823858,
          "pct_cache_write_tokens_saved": -34.76665011702958,
          "base_price_usd": 0.4610967,
          "post_price_usd": 0.3995376,
          "cost_saved_usd": 0.06155910000000003,
          "pct_cost_saved_total": 13.350583511007567,
          "pct_cost_saved_cache_read": 50.61695082823862,
          "pct_cost_saved_cache_write": -34.76665011702957,
          "pct_cost_saved_input": 0.0
        },
        {
          "label": "32k-100k",
          "n": 618,
          "avg_chain_tokens": 63021.51132686084,
          "tokens_saved_prompt": 19483727,
          "tokens_saved_total": 19483727,
          "cache_read_tokens_saved": 20370693,
          "cache_write_tokens_saved": -884073,
          "pct_tokens_saved_prompt": 50.025881130535026,
          "pct_tokens_saved_total": 49.877813771850555,
          "pct_cache_read_tokens_saved": 52.86726100042165,
          "pct_cache_write_tokens_saved": -212.76253185759563,
          "base_price_usd": 4.950673550000001,
          "post_price_usd": 4.021588499999998,
          "cost_saved_usd": 0.929085050000003,
          "pct_cost_saved_total": 18.76684133212546,
          "pct_cost_saved_cache_read": 52.867261000421706,
          "pct_cost_saved_cache_write": -212.7625318575959,
          "pct_cost_saved_input": 0.0
        },
        {
          "label": "100k-200k",
          "n": 886,
          "avg_chain_tokens": 149404.7212189616,
          "tokens_saved_prompt": 67509966,
          "tokens_saved_total": 67509966,
          "cache_read_tokens_saved": 69307731,
          "cache_write_tokens_saved": -1793953,
          "pct_tokens_saved_prompt": 50.999961223088015,
          "pct_tokens_saved_total": 50.959597789905814,
          "pct_cache_read_tokens_saved": 52.59567109871985,
          "pct_cache_write_tokens_saved": -299.99665546805886,
          "base_price_usd": 14.449187949999986,
          "post_price_usd": 9.764668100000014,
          "cost_saved_usd": 4.6845198499999725,
          "pct_cost_saved_total": 32.420644441821224,
          "pct_cost_saved_cache_read": 52.59567109871989,
          "pct_cost_saved_cache_write": -299.9966554680587,
          "pct_cost_saved_input": 0.0
        },
        {
          "label": "200k-400k",
          "n": 1092,
          "avg_chain_tokens": 264683.51831501833,
          "tokens_saved_prompt": 154269193,
          "tokens_saved_total": 154269193,
          "cache_read_tokens_saved": 156881124,
          "cache_write_tokens_saved": -2607830,
          "pct_tokens_saved_prompt": 53.37399006226256,
          "pct_tokens_saved_total": 53.34110503272588,
          "pct_cache_read_tokens_saved": 54.43407128745656,
          "pct_cache_write_tokens_saved": -314.01176175935115,
          "base_price_usd": 30.749456400000046,
          "post_price_usd": 18.32523249999999,
          "cost_saved_usd": 12.424223900000054,
          "pct_cost_saved_total": 40.40469443876099,
          "pct_cost_saved_cache_read": 54.434071287456604,
          "pct_cost_saved_cache_write": -314.0117617593517,
          "pct_cost_saved_input": 0.0
        },
        {
          "label": "400k+",
          "n": 130,
          "avg_chain_tokens": 433260.44615384616,
          "tokens_saved_prompt": 37220646,
          "tokens_saved_total": 37220646,
          "cache_read_tokens_saved": 37706473,
          "cache_write_tokens_saved": -485185,
          "pct_tokens_saved_prompt": 66.08326794659556,
          "pct_tokens_saved_total": 66.05239244463186,
          "pct_cache_read_tokens_saved": 67.10870182989676,
          "pct_cache_write_tokens_saved": -354.92944352189846,
          "base_price_usd": 5.921229649999997,
          "post_price_usd": 2.7577056000000004,
          "cost_saved_usd": 3.163524049999997,
          "pct_cost_saved_total": 53.42680890615345,
          "pct_cost_saved_cache_read": 67.10870182989677,
          "pct_cost_saved_cache_write": -354.9294435218986,
          "pct_cost_saved_input": 0.0
        },
        {
          "label": "ALL",
          "n": 2909,
          "avg_chain_tokens": 178652.83052595393,
          "tokens_saved_prompt": 279814834,
          "tokens_saved_total": 279814834,
          "cache_read_tokens_saved": 285768093,
          "cache_write_tokens_saved": -5817788,
          "pct_tokens_saved_prompt": 53.841495162246,
          "pct_tokens_saved_total": 53.795224637285074,
          "pct_cache_read_tokens_saved": 55.21673342399537,
          "pct_cache_write_tokens_saved": -269.0740840949591,
          "base_price_usd": 56.69161704999991,
          "post_price_usd": 35.5225137499999,
          "cost_saved_usd": 21.16910330000001,
          "pct_cost_saved_total": 37.34079993048998,
          "pct_cost_saved_cache_read": 55.21673342399547,
          "pct_cost_saved_cache_write": -269.0740840949583,
          "pct_cost_saved_input": 0.0
        }
      ]
    }
  },
  "errors": []
}