{
  "meta": {
    "run_uuid": "202f98bd-a2f1-4390-8307-658b451b7727",
    "created_utc": "2026-07-02T14:43:07+00:00",
    "dataset": "swe-chat:32",
    "strategies": [
      "headroom",
      "headroom-kompress",
      "condense-async"
    ],
    "models": [
      "claude-haiku-4-5"
    ],
    "edges": [
      16000,
      32000,
      100000,
      200000
    ],
    "encoding": "o200k_base",
    "count_mode": "local",
    "max_tokens": 1,
    "session_limit": null,
    "point_limit": null,
    "longest": null,
    "token_limit": 190000,
    "cloned_from": [
      "b1877e6e-a6fb-4a4b-9498-cca3b56adc8e",
      "f9f0c46a-fcd2-4577-9966-5964498f935c"
    ]
  },
  "models": {
    "claude-haiku-4-5": {
      "headroom": [
        {
          "label": "0-16k",
          "n": 81,
          "avg_chain_tokens": 7057.259259259259,
          "tokens_saved_prompt": 36069,
          "tokens_saved_total": 36069,
          "cache_read_tokens_saved": 71209,
          "cache_write_tokens_saved": 11177,
          "pct_tokens_saved_prompt": 6.309762472053992,
          "pct_tokens_saved_total": 6.257546737727443,
          "pct_cache_read_tokens_saved": 14.157478060670647,
          "pct_cache_write_tokens_saved": 16.278764928633848,
          "base_price_usd": 0.15997279999999997,
          "post_price_usd": 0.18519765000000007,
          "cost_saved_usd": -0.025224850000000104,
          "pct_cost_saved_total": -15.76821184601389,
          "pct_cost_saved_cache_read": 14.157478060670645,
          "pct_cost_saved_cache_write": 16.27876492863385,
          "pct_cost_saved_input": 0.0
        },
        {
          "label": "16k-32k",
          "n": 102,
          "avg_chain_tokens": 24032.441176470587,
          "tokens_saved_prompt": 529808,
          "tokens_saved_total": 529808,
          "cache_read_tokens_saved": 481864,
          "cache_write_tokens_saved": 48135,
          "pct_tokens_saved_prompt": 21.61326866584343,
          "pct_tokens_saved_total": 21.462228991800888,
          "pct_cache_read_tokens_saved": 20.605537612084923,
          "pct_cache_write_tokens_saved": 42.675898999929075,
          "base_price_usd": 0.4610967,
          "post_price_usd": 0.35293255,
          "cost_saved_usd": 0.10816415000000001,
          "pct_cost_saved_total": 23.45801867590898,
          "pct_cost_saved_cache_read": 20.605537612084937,
          "pct_cost_saved_cache_write": 42.67589899992906,
          "pct_cost_saved_input": 0.0
        },
        {
          "label": "32k-100k",
          "n": 618,
          "avg_chain_tokens": 63021.51132686084,
          "tokens_saved_prompt": 7712662,
          "tokens_saved_total": 7712662,
          "cache_read_tokens_saved": 7711996,
          "cache_write_tokens_saved": 1357,
          "pct_tokens_saved_prompt": 19.80281865025077,
          "pct_tokens_saved_total": 19.744205968459138,
          "pct_cache_read_tokens_saved": 20.014640904273985,
          "pct_cache_write_tokens_saved": 0.3265779587553938,
          "base_price_usd": 4.950673550000001,
          "post_price_usd": 4.178468699999997,
          "cost_saved_usd": 0.772204850000004,
          "pct_cost_saved_total": 15.597975552235795,
          "pct_cost_saved_cache_read": 20.014640904274,
          "pct_cost_saved_cache_write": 0.3265779587552358,
          "pct_cost_saved_input": 0.0
        },
        {
          "label": "100k-200k",
          "n": 772,
          "avg_chain_tokens": 143067.95984455958,
          "tokens_saved_prompt": 14829158,
          "tokens_saved_total": 14829158,
          "cache_read_tokens_saved": 14743180,
          "cache_write_tokens_saved": 86778,
          "pct_tokens_saved_prompt": 13.426314254344776,
          "pct_tokens_saved_total": 13.415521077749268,
          "pct_cache_read_tokens_saved": 13.41160333046171,
          "pct_cache_write_tokens_saved": 16.690548408129665,
          "base_price_usd": 12.087052950000006,
          "post_price_usd": 10.505062450000002,
          "cost_saved_usd": 1.5819905000000034,
          "pct_cost_saved_total": 13.088306194604721,
          "pct_cost_saved_cache_read": 13.411603330461796,
          "pct_cost_saved_cache_write": 16.690548408129604,
          "pct_cost_saved_input": 0.0
        },
        {
          "label": "ALL",
          "n": 1573,
          "avg_chain_tokens": 96896.82517482518,
          "tokens_saved_prompt": 23107697,
          "tokens_saved_total": 23107697,
          "cache_read_tokens_saved": 23008249,
          "cache_write_tokens_saved": 147447,
          "pct_tokens_saved_prompt": 15.160669977082733,
          "pct_tokens_saved_total": 15.13817417324049,
          "pct_cache_read_tokens_saved": 15.20685641500257,
          "pct_cache_write_tokens_saved": 13.201497722258832,
          "base_price_usd": 17.658795999999978,
          "post_price_usd": 15.22166135,
          "cost_saved_usd": 2.4371346499999778,
          "pct_cost_saved_total": 13.801250379697352,
          "pct_cost_saved_cache_read": 15.206856415002708,
          "pct_cost_saved_cache_write": 13.201497722258965,
          "pct_cost_saved_input": 0.0
        }
      ],
      "headroom-kompress": [
        {
          "label": "0-16k",
          "n": 81,
          "avg_chain_tokens": 7057.259259259259,
          "tokens_saved_prompt": 28993,
          "tokens_saved_total": 28993,
          "cache_read_tokens_saved": 81419,
          "cache_write_tokens_saved": -246,
          "pct_tokens_saved_prompt": 5.071916142733688,
          "pct_tokens_saved_total": 5.0299440673967055,
          "pct_cache_read_tokens_saved": 16.187387917562994,
          "pct_cache_write_tokens_saved": -0.35828721235071365,
          "base_price_usd": 0.15997279999999997,
          "post_price_usd": 0.20431840000000007,
          "cost_saved_usd": -0.044345600000000096,
          "pct_cost_saved_total": -27.72071252112866,
          "pct_cost_saved_cache_read": 16.187387917562997,
          "pct_cost_saved_cache_write": -0.35828721235070005,
          "pct_cost_saved_input": 0.0
        },
        {
          "label": "16k-32k",
          "n": 102,
          "avg_chain_tokens": 24032.441176470587,
          "tokens_saved_prompt": 408404,
          "tokens_saved_total": 408404,
          "cache_read_tokens_saved": 400511,
          "cache_write_tokens_saved": 8104,
          "pct_tokens_saved_prompt": 16.6606494734038,
          "pct_tokens_saved_total": 16.544220112130148,
          "pct_cache_read_tokens_saved": 17.12670893562031,
          "pct_cache_write_tokens_saved": 7.184906730973828,
          "base_price_usd": 0.4610967,
          "post_price_usd": 0.4111266000000001,
          "cost_saved_usd": 0.049970099999999906,
          "pct_cost_saved_total": 10.837227852639133,
          "pct_cost_saved_cache_read": 17.12670893562038,
          "pct_cost_saved_cache_write": 7.184906730973827,
          "pct_cost_saved_input": 0.0
        },
        {
          "label": "32k-100k",
          "n": 618,
          "avg_chain_tokens": 63021.51132686084,
          "tokens_saved_prompt": 6156956,
          "tokens_saved_total": 6156956,
          "cache_read_tokens_saved": 6608278,
          "cache_write_tokens_saved": -450456,
          "pct_tokens_saved_prompt": 15.808430747460914,
          "pct_tokens_saved_total": 15.761640715325045,
          "pct_cache_read_tokens_saved": 17.15020484523253,
          "pct_cache_write_tokens_saved": -108.40751730959447,
          "base_price_usd": 4.950673550000001,
          "post_price_usd": 4.853781750000001,
          "cost_saved_usd": 0.09689179999999986,
          "pct_cost_saved_total": 1.9571437910706078,
          "pct_cost_saved_cache_read": 17.150204845232608,
          "pct_cost_saved_cache_write": -108.40751730959445,
          "pct_cost_saved_input": 0.0
        },
        {
          "label": "100k-200k",
          "n": 770,
          "avg_chain_tokens": 143148.37532467532,
          "tokens_saved_prompt": 11312894,
          "tokens_saved_total": 11312894,